SeqID,Query_SeqID,Query,Subsequence,Hit,Start,End
sp|P13727|PRG2_HUMAN,sp|P03230|LMP1_EBVB9,MEHDLERGPPGPRRPPRGPPLSSSLGLALLLLLLALLFWLYIVMSDWTGGALLVLYSFALMLIIIILIIFIFRRDLLCPLGALCILLLMITLLLIALWNLHGQALFLGIVLFIFGCLLVLGIWIYLLEMLWRLGATIWQLLAFFLAFFLDLILLIIALYLQQNWWTLLVDLLWLLLFLAILIWMYYHGQRHSDEHHHDDSLPHPQQATDDSGHESDSNSNEGRHHLLVSGAGDGPPLCSQNLGAPGGGPDNGPQDPDNTDDNGPQDPDNTDDNGPHDPLPQDPDNTDDNGPQDPDNTDDNGPHDPLPHSPSDSAGNDGGPPQLTEEVENKGGDQGPPLMTDGGGGHSHDSGHGGGDPHLPTLLLGSSGSGGDDDDPHGPVQLSYYD,LLLALL,LLLALL,5,10
sp|P13727|PRG2_HUMAN,sp|P03230|LMP1_EBVB9,MEHDLERGPPGPRRPPRGPPLSSSLGLALLLLLLALLFWLYIVMSDWTGGALLVLYSFALMLIIIILIIFIFRRDLLCPLGALCILLLMITLLLIALWNLHGQALFLGIVLFIFGCLLVLGIWIYLLEMLWRLGATIWQLLAFFLAFFLDLILLIIALYLQQNWWTLLVDLLWLLLFLAILIWMYYHGQRHSDEHHHDDSLPHPQQATDDSGHESDSNSNEGRHHLLVSGAGDGPPLCSQNLGAPGGGPDNGPQDPDNTDDNGPQDPDNTDDNGPHDPLPQDPDNTDDNGPQDPDNTDDNGPHDPLPHSPSDSAGNDGGPPQLTEEVENKGGDQGPPLMTDGGGGHSHDSGHGGGDPHLPTLLLGSSGSGGDDDDPHGPVQLSYYD,LLALLF,LLALLF,6,11
sp|P13727|PRG2_HUMAN,sp|P05769|POLG_MVEV5,MSKKPGGPGKPRVVNMLKRGIPRVFPLVGVKRVVMNLLDGRGPIRFVLALLAFFRFTALAPTKALMRRWKSVNKTTAMKHLTSFKKELGTLIDVVNKRGKKQKKRGGSETSVLMLIFMLIGFAAALKLSTFQGKIMMTVNATDIADVIAIPTPKGPNQCWIRAIDIGFMCDDTITYECPKLESGNDPEDIDCWCDKQAVYVNYGRCTRARHSKRSRRSITVQTHGESTLVNKKDAWLDSTKATRYLTKTENWIIRNPGYALVAVVLGWMLGSNTGQKVIFTVLLLLVAPAYSFNCLGMSSRDFIEGASGATWVDLVLEGDSCITIMAADKPTLDIRMMNIEATNLALVRNYCYAATVSDVSTVSNCPTTGESHNTKRADHNYLCKRGVTDRGWGNGCGLFGKGSIDTCAKFTCSNSAAGRLILPEDIKYEVGVFVHGSTDSTSHGNYSTQIGANQAVRFTISPNAPAITAKMGDYGEVTVECEPRSGLNTEAYYVMTIGTKHFLVHREWFNDLLLPWTSPASTEWRNREILVEFEEPHATKQSVVALGSQEGALHQALAGAIPVEFSSSTLKLTSGHLKCRVKMEKLKLKGTTYGMCTEKFTFSKNPADTGHGTVVLELQYTGSDGPCKIPISSVASLNDMTPVGRMVTANPYVASSTANAKVLVEIEPPFGDSYIVVGRGDKQINHHWHKEGSSIGKAFSTTLKGAQRLAALGDTAWDFGSVGGVFNSIGKAVHQVFGGAFRTLFGGMSWISPGLLGALLLWMGVNARDKSIALAFLATGGVLLFLATNVHADTGCAIDITRRELKCGSGIFIHNDVEAWIDRYKYLPETPKQLAKVVENAHKSGICGIRSVNRFEHQMWESVRDELNALLKENAIDLSVVVEKQKGMYRAAPNRLRLTVEELDIGWKAWGKSLLFAAELANSTFVVDGPETAECPNSKRAWNSFEIEDFGFGITSTRGWLKLREENTSECDSTIIGTAVKGNHAVHSDLSYWIESGLNGTWKLERAIFGEVKSCTWPETHTLWGDAVEETELIIPVTLAGPRSKHNRREGYKVQVQGPWDEEDIKLDFDYCPGTTVTVSEHCGKRGPSVRTTTDSGKLVTDWCCRSCTLPPLRFTTASGCWYGMEIRPMKHDESTLVKSRVQAFNGDMIDPFQLGLLVMFLATQEVLRKRWTARLTLPAAVGALLVLLLGGITYTDLVRYLILVGSAFAESNNGGDVIHLALIAVFKVQPAFLVASLTRSRWTNQENLVLVLGAAFFQMAASDLELTIPGLLNSAATAWMVLRAMAFPSTSAIAMPMLAMLAPGMRMLHLDTYRIVLLLIGICSLLNERRRSVEKKKGAVLIGLALTSTGYFSPTIMAAGLMICNPNKKRGWPATEVLTAVGLMFAIVGGLAELDIDSMSVPFTIAGLMLVSYVISGKATDMWLERAADVSWEAGAAITGTSERLDVQLDDDGDFHLLNDPGVPWKIWVLRMTCLSVAAITPRAILPSAFGYWLTLKYTKRGGVFWDTPSPKVYPKGDTTPGVYRIMARGILGRYQAGVGVMHEGVFHTLWHTTRGAAIMSGEGRLTPYWGNVKEDRVTYGGPWKLDQKWNGVDDVQMIVVEPGKPAINVQTKPGIFKTAHGEIGAVSLDYPIGTSGSPIVNSNGEIIGLYGNGVILGNGAYVSAIVQGERVEEPVPEAYNPEMLKKRQLTVLDLHPGAGKTRRILPQIIKDAIQKRLRTAVLAPTRVVAAEMAEALRGLPVRYLTPAVQREHSGNEIVDVMCHATLTHRLMSPLRVPNYNLFVMDEAHFTDPASIAARGYIATRVEAGEAAAIFMTATPPGTSDPFPDTNSPVHDVSSEIPDRAWSSGFEWITDYAGKTVWFVASVKMSNEIAQCLQRAGKRVIQLNRKSYDTEYPKCKNGDWDFVITTDISEMGANFGASRVIDCRKSVKPTILDEGEGRVILSVPSAITSASAAQRRGRVGRNPSQIGDEYHYGGGTSEDDTMLAHWTEAKILLDNIHLPNGLVAQLYGPERDKTYTMDGEYRLRGEERKTFLELIKTADLPVWLAYKVASNGIQYNDRKWCFDGPRSNIILEDNNEVEIITRIGERKVLKPRWLDARVYSDHQSLKWFKDFAAGKRSAIGFFEVLGRMPEHFAGKTREALDTMYLVATSEKGGKAHRMALEELPDALETITLIAALGVMTAGFFLLMMQRKGIGKLGLGALVLVVATFFLWMSDVSGTKIAGVLLLALLMMVVLIPEPEKQRSQTDNQLAVFLICVLLVVGLVAANEYGMLERTKTDIRNLFGKSLIEENEVHIPPFDFFTLDLKPATAWALYGGSTVVLTPLIKHLVTSQYVTTSLASINAQAGSLFTLPKGIPFTDFDLSVALVFLGCWGQVTLTTLIMATILVTLHYGYLLPGWQAEALRAAQKRTAAGIMKNAVVDGIVATDVPELERTTPQMQKRLGQILLVLASVAAVCVNPRITTIREAGILCTAAALTLWDNNASAAWNSTTATGLCHVMRGSWIAGASIAWTLIKNAEKPAFKRGRAGGRTLGEQWKEKLNAMGKEEFFSYRKEAILEVDRTEARRARREGNKVGGHPVSRGTAKLRWLVERRFVQPIGKVVDLGCGRGGWSYYAATMKNVQEVRGYTKGGPGHEEPMLMQSYGWNIVTMKSGVDVFYKPSEISDTLLCDIGESSPSAEIEEQRTLRILEMVSDWLSRGPKEFCIKILCPYMPKVIEKLESLQRRFGGGLVRVPLSRNSNHEMYWVSGASGNIVHAVNMTSQVLIGRMDKKIWKGPKYEEDVNLGSGTRAVGKGVQHTDYKRIKSRIEKLKEEYAATWHTDDNHPYRTWTYHGSYEVKPSGSASTLVNGVVRLLSKPWDAITGVTTMAMTDTTPFGQQRVFKEKVDTKAPEPPQGVKTVMDETTNWLWAYLARNKKARLCTREEFVKKVNSHAALGAMFEEQNQWKNAREAVEDPKFWEMVDEERECHLRGECRTCIYNMMGKREKKPGEFGKAKGSRAIWFMWLGARFLEFEALGFLNEDHWMSRENSGGGVEGAGIQKLGYILRDVAQKPGGKIYADDTAGWDTRITQADLENEAKVLELMEGEQRTLARAIIELTYRHKVVKVMRPAAGGKTVMDVISREDQRGSGQVVTYALNTFTNIAVQLVRLMEAEAVIGPDDIESIERKKKFAVRTWLFENAEERVQRMAVSGDDCVVKPLDDRFSTALHFLNAMSKVRKDIQEWKPSQGWYDWQQVPFCSNHFQEVIMKDGRTLVVPCRGQDELIGRARISPGSGWNVRDTACLAKAYAQMWLVLYFHRRDLRLMANAICSSVPVDWVPTGRTTWSIHGKGEWMTTEDMLSVWNRVWILENEWMEDKTTVSDWTEVPYVGKREDIWCGSLIGTRTRATWAENIYAAINQVRSVIGKEKYVDYVQSLRRYEETHVSEDRVL,LLLALL,LLLALL,5,10
sp|C9JRZ8|AK1BF_HUMAN,sp|P06747|PHOSP_RABVP,MSKIFVNPSAIRAGLADLEMAEETVDLINRNIEDNQAHLQGEPIEVDNLPEDMGRLHLDDGKSPNPGEMAKVGEGKYREDFQMDEGEDPSLLFQSYLDNVGVQIVRQIRSGERFLKIWSQTVEEIISYVAVNFPNPPGKSSEDKSTQTTGRELKKETTPTPSQRESQSSKARMAAQTASGPPALEWSATNEEDDLSVEAEIAHQIAESFSKKYKFPSRSSGILLYNFEQLKMNLDDIVKEAKNVPGVTRLARDGSKLPLRCVLGWVALANSKKFQLLVESNKLSKIMQDDLNRYTSC,EDPSLL,EDPSLL,224,229
sp|P13727|PRG2_HUMAN,sp|P09278|LTP_VZVD,MDIIPPIAVTVAGVGSRNQFDGALGPASGLSCLRTSLSFLHMTYAHGINATLSSDMIDGCLQEGAAWTTDLSNMGRGVPDMCALVDLPNRISYIKLGDTTSTCCVLSRIYGDSHFFTVPDEGFMCTQIPARAFFDDVWMGREESYTIITVDSTGMAIYRQGNISFIFDPHGHGTIGQAVVVRVNTTDVYSYIASEYTHRPDNVESQWAAALVFFVTANDGPVSEEALSSAVTLIYGSCDTYFTDEQYCEKLVTAQHPLLLSPPNSTTIVLNKSSIVPLHQNVGESVSLEATLHSTLTNTVALDPRCSYSEVDPWHAVLETTSTGSGVLDCRRRRRPSWTPPSSEENLACIDDGLVNNTHSTDNLHKPAKKVLKFKPTVDVPDKTQVAHVLPRLREVANTPDVVLNVSNVDTPESSPTFSRNMNVGSSLKDRKPFLFEQSGDVNMVVEKLLQHGHEISNGYVQNAVGTLDTVITGHTNVPIWVTRPLVMPDEKDPLELFINLTILRLTGFVVENGTRTHHGATSVVSDFIGPLGEILTGFPSAAELIRVTSLILTNMPGAEYAIKTVLRKKCTIGMLIIAKFGLVAMRVQDTTGALHAELDVLEADLGGSSPIDLYSRLSTGLISILNSPIISHPGLFAELIPTRTGSLSERIRLLCELVSARETRYMREHTALVSSVKALENALRSTRNKIDAIQIPEVPQEPPEETDIPPEELIRRVYEIRSEVTMLLTSAVTEYFTRGVLYSTRALIAEQSPRRFRVATASTAPIQRLLDSLPEFDAKLTAIISSLSIHPPPETIQNLPVVSLLKELIKEGEDLNTDTALVSWLSVVGEAQTAGYLSRREFDELSRTIKTINTRATQRASAEAELSCFNTLSAAVDQAVKDYETYNNGEVKYPEITRDDLLATIVRATDDLVRQIKILSDPMIQSGLQPSIKRRLETRLKEVQTYANEARTTQDTIKSRKQAAYNKLGGLLRPVTGFVGLRAAVDLLPELASELDVQGALVNLRTKVLEAPVEIRSQLTGDFWALFNQYRDILEHPGNARTSVLGGLGACFTAIIEIVPIPTEYRPSLLAFFGDVADVLASDIATVSTNPESESAINAVVATLSKATLVSSTVPALSFVLSLYKKYQALQQEITNTHKLTELQKQLGDDFSTLAVSSGHLKFISSSNVDDYEINDAILSIQTNVHALMDTVKLVEVELQKLPPHCIAGTSTLSRVVKDLHKLVTMAHEKKEQAKVLITDCERAHKQQTTRVLYERWTRDIIACLEAMETRHIFNGTELARLRDMAAAGGFDIHAVYPQARQVVAACETTAVTALDTVFRHNPYTPENTNIPPPLALLRGLTWFDDFSITAPVFTVMFPGVSIEGLLLLMRIRAVVLLSADTSINGIPNYRDMILRTSGDLLQIPALAGYVDFYTRSYDQFITESVTLSELRADIRQAAGAKLTEANKALEEVTHVRAHETAKLALKEGVFITLPSEGLLIRAIEYFTTFDHKRFIGTAYERVLQTMVDRDLKEANAELAQFRMVCQATKNRAIQILQNIVDTANATEQQEDVDFTNLKTLLKLTPPPKTIALAIDRSTSVQDIVTQFALLLGRLEEETGTLDIQAVDWMYQARNIIDSHPLSVRIDGTGPLHTYKDRVDKLYALRTKLDLLRRRIETGEVTWDDAWTTFKRETGDMLASGDTYATSVDSIKALQASASVVDMLCSEPEFFLLPVETKNRLQKKQQERKTALDVVLQKQRQFEETASRLRALIERIPTESDHDVLRMLLRDFDQFTHLPIWIKTQYMTFRNLLMVRLGLYASYAEIFPPASPNGVFAPIPAMSGVCLEDQSRCIRARVAAFMGEASVVQTFREARSSIDALFGKNLTFYLDTDGVPLRYRVCYKSVGVKLGTMLCSQGGLSLRPALPDEGIVEETTLSALRVANEVNELRIEYESAIKSGFSAFSTFVRHRHAEWGKTNARRAIAEIYAGLITTTLTRQYGVHWDKLIYSFEKHHLTSVMGNGLTKPIQRRGDVRVLELTLSDIVTILVATTPVHLLNFARLDLIKQHEYMARTLRPVIEAAFRGRLLVRSLDGDPKGNARAFFNAAPSKHKLPLALGSNQDPTGGRIFAFRMADWKLVKMPQKITDPFAPWQLSPPPGVKANVDAVTRIMATDRLATITVLGRMCLPPISLVSMWNTLQPEEFAYRTQDDVDIIVDARLDLSSTLNARFDTAPSNTTLEWNTDRKVITDAYIQTGATTVFTVTGAAPTHVSNVTAFDIATTAILFGAPLVIAMELTSVFSQNSGLTLGLKLFDSRHMATDSGISSAVSPDIVSWGLRLLHMDPHPIENACLIVQLEKLSALIANKPLTNNPPCLLLLDEHMNPSYVLWERKDSIPAPDYVVFWGPESLIDLPYIDSDEDSFPSCPDDPFYSQIIAGYAPQGPPNLDTTDFYPTEPLFKSPVQVVRSSKCKKMPVRPAQPAQPAQPAQPAQTVQPAQPIEPGTQIVVQNFKKPQSVKTTLSQKDIPLYVETESETAVLIPKQLTTSIKTTVCKSITPPNNQLSDWKNNPQQNQTLNQAFSKPILEITSIPTDDSISYRTWIEKSNQTQKRHQNDPRMYNSKTVFHPVNNQLPSWVDTAADAPQTDLLTNYKTRQPSPNFPRDVHTWGVSSNPFNSPNRDLYQSDFSEPSDGYSSESENSIVLSLDEHRSCRVPRHVRVVNADVVTGRRYVRGTALGALALLSQACRRMIDNVRYTRKLLMDHTEDIFQGLGYVKLLLDGTYI,LLVRSL,LLVRSL,110,115
sp|C9JRZ8|AK1BF_HUMAN,sp|P0C572|GLYCO_MOKV,MNIPCFVVILSLATTHSLGEFPLYTIPEKIEKWTPIDMIHLSCPNNLLSEEEGCNAESSFTYFELKSGYLAHQKVPGFTCTGVVNEAETYTNFVGYVTTTFKRKHFRPTVAACRDAYNWKVSGDPRYEESLHTPYPDSSWLRTVTTTKESLLIISPSIVEMDIYGRTLHSPMFPSGVCSNVYPSVPSCETNHDYTLWLPEDPSLSLVCDIFTSSNGKKAMNGSRICGFKDERGFYRSLKGACKLTLCGRPGIRLFDGTWVSFTKPDVHVWCTPNQLINIHNDRLDEIEHLIVEDIIKKREECLDTLETILMSQSVSFRRLSHFRKLVPGYGKAYTILNGSLMETNVYYKRVDKWADILPSKGCLKVGQQCMEPVKGVLFNGIIKGPDGQILIPEMQSEQLKQHMDLLKAAVFPLRHPLISREAVFKKDGDADDFVDLHMPDVHKSVSDVDLGLPHWGFWMLIGATIVAFVVLVCLLRVCCKRVRRRRSGRATQEIPLSFPSAPVPRAKVVSSWESYKGLPGT,PEDPSL,PEDPSL,223,228
sp|P13727|PRG2_HUMAN,sp|P0C6U2|R1A_CVH22,MACNRVTLAVASDSEISANGCSTIAQAVRRYSEAASNGFRACRFVSLDLQDCIVGIADDTYVMGLHGNQTLFCNIMKFSDRPFMLHGWLVFSNSNYLLEEFDVVFGKRGGGNVTYTDQYLCGADGKPVMSEDLWQFVDHFGENEEIIINGHTYVCAWLTKRKPLDYKRQNNLAIEEIEYVHGDALHTLRNGSVLEMAKEVKTSSKVVLSDALDKLYKVFGSPVMTNGSNILEAFTKPVFISALVQCTCGTKSWSVGDWTGFKSSCCNVISNKLCVVPGNVKPGDAVITTQQAGAGIKYFCGMTLKFVANIEGVSVWRVIALQSVDCFVASSTFVEEEHVNRMDTFCFNVRNSVTDECRLAMLGAEMTSNVRRQVASGVIDISTGWFDVYDDIFAESKPWFVRKAEDIFGPCWSALASALKQLKVTTGELVRFVKSICNSAVAVVGGTIQILASVPEKFLNAFDVFVTAIQTVFDCAVETCTIAGKAFDKVFDYVLLDNALVKLVTTKLKGVRERGLNKVKYATVVVGSTEEVKSSRVERSTAVLTIANNYSKLFDEGYTVVIGDVAYFVSDGYFRLMASPNSVLTTAVYKPLFAFNVNVMGTRPEKFPTTVTCENLESAVLFVNDKITEFQLDYSIDVIDNEIIVKPNISLCVPLYVRDYVDKWDDFCRQYSNESWFEDDYRAFISVLDITDAAVKAAESKAFVDTIVPPCPSILKVIDGGKIWNGVIKNVNSVRDWLKSLKLNLTQQGLLGTCAKRFKRWLGILLEAYNAFLDTVVSTVKIGGLTFKTYAFDKPYIVIRDIVCKVENKTEAEWIELFPHNDRIKSFSTFESAYMPIADPTHFDIEEVELLDAEFVEPGCGGILAVIDEHVFYKKDGVYYPSNGTNILPVAFTKAAGGKVSFSDDVEVKDIEPVYRVKLCFEFEDEKLVDVCEKAIGKKIKHEGDWDSFCKTIQSALSVVSCYVNLPTYYIYDEEGGNDLSLPVMISEWPLSVQQAQQEATLPDIAEDVVDQVEEVNSIFDIETVDVKHDVSPFEMPFEELNGLKILKQLDNNCWVNSVMLQIQLTGILDGDYAMQFFKMGRVAKMIERCYTAEQCIRGAMGDVGLCMYRLLKDLHTGFMVMDYKCSCTSGRLEESGAVLFCTPTKKAFPYGTCLNCNAPRMCTIRQLQGTIIFVQQKPEPVNPVSFVVKPVCSSIFRGAVSCGHYQTNIYSQNLCVDGFGVNKIQPWTNDALNTICIKDADYNAKVEISVTPIKNTVDTTPKEEFVVKEKLNAFLVHDNVAFYQGDVDTVVNGVDFDFIVNAANENLAHGGGLAKALDVYTKGKLQRLSKEHIGLAGKVKVGTGVMVECDSLRIFNVVGPRKGKHERDLLIKAYNTINNEQGTPLTPILSCGIFGIKLETSLEVLLDVCNTKEVKVFVYTDTEVCKVKDFVSGLVNVQKVEQPKIEPKPVSVIKVAPKPYRVDGKFSYFTEDLLCVADDKPIVLFTDSMLTLDDRGLALDNALSGVLSAAIKDCVDINKAIPSGNLIKFDIGSVVVYMCVVPSEKDKHLDNNVQRCTRKLNRLMCDIVCTIPADYILPLVLSSLTCNVSFVGELKAAEAKVITIKVTEDGVNVHDVTVTTDKSFEQQVGVIADKDKDLSGAVPSDLNTSELLTKAIDVDWVEFYGFKDAVTFATVDHSAFAYESAVVNGIRVLKTSDNNCWVNAVCIALQYSKPHFISQGLDAAWNKFVLGDVEIFVAFVYYVARLMKGDKGDAEDTLTKLSKYLANEAQVQLEHYSSCVECDAKFKNSVASINSAIVCASVKRDGVQVGYCVHGIKYYSRVRSVRGRAIIVSVEQLEPCAQSRLLSGVAYTAFSGPVDKGHYTVYDTAKKSMYDGDRFVKHDLSLLSVTSVVMVGGYVAPVNTVKPKPVINQLDEKAQKFFDFGDFLIHNFVIFFTWLLSMFTLCKTAVTTGDVKIMAKAPQRTGVVLKRSLKYNLKASAAVLKSKWWLLAKFTKLLLLIYTLYSVVLLCVRFGPFNFCSETVNGYAKSNFVKDDYCDGSLGCKMCLFGYQELSQFSHLDVVWKHITDPLFSNMQPFIVMVLLLIFGDNYLRCFLLYFVAQMISTVGVFLGYKETNWFLHFIPFDVICDELLVTVIVIKVISFVRHVLFGCENPDCIACSKSARLKRFPVNTIVNGVQRSFYVNANGGSKFCKKHRFFCVDCDSYGYGSTFITPEVSRELGNITKTNVQPTGPAYVMIDKVEFENGFYRLYSCETFWRYNFDITESKYSCKEVFKNCNVLDDFIVFNNNGTNVTQVKNASVYFSQLLCRPIKLVDSELLSTLSVDFNGVLHKAYIDVLRNSFGKDLNANMSLAECKRALGLSISDHEFTSAISNAHRCDVLLSDLSFNNFVSSYAKPEEKLSAYDLACCMRAGAKVVNANVLTKDQTPIVWHAKDFNSLSAEGRKYIVKTSKAKGLTFLLTINENQAVTQIPATSIVAKQGAGDAGHSLTWLWLLCGLVCLIQFYLCFFMPYFMYDIVSSFEGYDFKYIENGQLKNFEAPLKCVRNVFENFEDWHYAKFGFTPLNKQSCPIVVGVSEIVNTVAGIPSNVYLVGKTLIFTLQAAFGNAGVCYDIFGVTTPEKCIFTSACTRLEGLGGNNVYCYNTALMEGSLPYSSIQANAYYKYDNGNFIKLPEVIAQGFGFRTVRTIATKYCRVGECVESNAGVCFGFDKWFVNDGRVANGYVCGTGLWNLVFNILSMFSSSFSVAAMSGQILLNCALGAFAIFCCFLVTKFRRMFGDLSVGVCTVVVAVLLNNVSYIVTQNLVTMIAYAILYFFATRSLRYAWIWCAAYLIAYISFAPWWLCAWYFLAMLTGLLPSLLKLKVSTNLFEGDKFVGTFESAAAGTFVIDMRSYEKLANSISPEKLKSYAASYNRYKYYSGNANEADYRCACYAYLAKAMLDFSRDHNDILYTPPTVSYGSTLQAGLRKMAQPSGFVEKCVVRVCYGNTVLNGLWLGDIVYCPRHVIASNTTSAIDYDHEYSIMRLHNFSIISGTAFLGVVGATMHGVTLKIKVSQTNMHTPRHSFRTLKSGEGFNILACYDGCAQGVFGVNMRTNWTIRGSFINGACGSPGYNLKNGEVEFVYMHQIELGSGSHVGSSFDGVMYGGFEDQPNLQVESANQMLTVNVVAFLYAAILNGCTWWLKGEKLFVEHYNEWAQANGFTAMNGEDAFSILAAKTGVCVERLLHAIQVLNNGFGGKQILGYSSLNDEFSINEVVKQMFGVNLQSGKTTSMFKSISLFAGFFVMFWAELFVYTTTIWVNPGFLTPFMILLVALSLCLTFVVKHKVLFLQVFLLPSIIVAAIQNCAWDYHVTKVLAEKFDYNVSVMQMDIQGFVNIFICLFVALLHTWRFAKERCTHWCTYLFSLIAVLYTALYSYDYVSLLVMLLCAISNEWYIGAIIFRICRFGVAFLPVEYVSYFDGVKTVLLFYMLLGFVSCMYYGLLYWINRFCKCTLGVYDFCVSPAEFKYMVANGLNAPNGPFDALFLSFKLMGIGGPRTIKVSTVQSKLTDLKCTNVVLMGILSNMNIASNSKEWAYCVEMHNKINLCDDPETAQELLLALLAFFLSKHSDFGLGDLVDSYFENDSILQSVASSFVGMPSFVAYETARQEYENAVANGSSPQIIKQLKKAMNVAKAEFDRESSVQKKINRMAEQAAAAMYKEARAVNRKSKVVSAMHSLLFGMLRRLDMSSVDTILNMARNGVVPLSVIPATSAARLVVVVPDHDSFVKMMVDGFVHYAGVVWTLQEVKDNDGKNVHLKDVTKENQEILVWPLILTCERVVKLQNNEIMPGKMKVKATKGEGDGGITSEGNALYNNEGGRAFMYAYVTTKPGMKYVKWEHDSGVVTVELEPPCRFVIDTPTGPQIKYLYFVKNLNNLRRGAVLGYIGATVRLQAGKQTEFVSNSHLLTHCSFAVDPAAAYLDAVKQGAKPVGNCVKMLTNGSGSGQAITCTIDSNTTQDTYGGASVCIYCRAHVAHPTMDGFCQYKGKWVQVPIGTNDPIRFCLENTVCKVCGCWLNHGCTCDRTAIQSFDNSYLNESGALVPLD,LLLALL,LLLALL,5,10
sp|P13727|PRG2_HUMAN,sp|P0C6X1|R1AB_CVH22,MACNRVTLAVASDSEISANGCSTIAQAVRRYSEAASNGFRACRFVSLDLQDCIVGIADDTYVMGLHGNQTLFCNIMKFSDRPFMLHGWLVFSNSNYLLEEFDVVFGKRGGGNVTYTDQYLCGADGKPVMSEDLWQFVDHFGENEEIIINGHTYVCAWLTKRKPLDYKRQNNLAIEEIEYVHGDALHTLRNGSVLEMAKEVKTSSKVVLSDALDKLYKVFGSPVMTNGSNILEAFTKPVFISALVQCTCGTKSWSVGDWTGFKSSCCNVISNKLCVVPGNVKPGDAVITTQQAGAGIKYFCGMTLKFVANIEGVSVWRVIALQSVDCFVASSTFVEEEHVNRMDTFCFNVRNSVTDECRLAMLGAEMTSNVRRQVASGVIDISTGWFDVYDDIFAESKPWFVRKAEDIFGPCWSALASALKQLKVTTGELVRFVKSICNSAVAVVGGTIQILASVPEKFLNAFDVFVTAIQTVFDCAVETCTIAGKAFDKVFDYVLLDNALVKLVTTKLKGVRERGLNKVKYATVVVGSTEEVKSSRVERSTAVLTIANNYSKLFDEGYTVVIGDVAYFVSDGYFRLMASPNSVLTTAVYKPLFAFNVNVMGTRPEKFPTTVTCENLESAVLFVNDKITEFQLDYSIDVIDNEIIVKPNISLCVPLYVRDYVDKWDDFCRQYSNESWFEDDYRAFISVLDITDAAVKAAESKAFVDTIVPPCPSILKVIDGGKIWNGVIKNVNSVRDWLKSLKLNLTQQGLLGTCAKRFKRWLGILLEAYNAFLDTVVSTVKIGGLTFKTYAFDKPYIVIRDIVCKVENKTEAEWIELFPHNDRIKSFSTFESAYMPIADPTHFDIEEVELLDAEFVEPGCGGILAVIDEHVFYKKDGVYYPSNGTNILPVAFTKAAGGKVSFSDDVEVKDIEPVYRVKLCFEFEDEKLVDVCEKAIGKKIKHEGDWDSFCKTIQSALSVVSCYVNLPTYYIYDEEGGNDLSLPVMISEWPLSVQQAQQEATLPDIAEDVVDQVEEVNSIFDIETVDVKHDVSPFEMPFEELNGLKILKQLDNNCWVNSVMLQIQLTGILDGDYAMQFFKMGRVAKMIERCYTAEQCIRGAMGDVGLCMYRLLKDLHTGFMVMDYKCSCTSGRLEESGAVLFCTPTKKAFPYGTCLNCNAPRMCTIRQLQGTIIFVQQKPEPVNPVSFVVKPVCSSIFRGAVSCGHYQTNIYSQNLCVDGFGVNKIQPWTNDALNTICIKDADYNAKVEISVTPIKNTVDTTPKEEFVVKEKLNAFLVHDNVAFYQGDVDTVVNGVDFDFIVNAANENLAHGGGLAKALDVYTKGKLQRLSKEHIGLAGKVKVGTGVMVECDSLRIFNVVGPRKGKHERDLLIKAYNTINNEQGTPLTPILSCGIFGIKLETSLEVLLDVCNTKEVKVFVYTDTEVCKVKDFVSGLVNVQKVEQPKIEPKPVSVIKVAPKPYRVDGKFSYFTEDLLCVADDKPIVLFTDSMLTLDDRGLALDNALSGVLSAAIKDCVDINKAIPSGNLIKFDIGSVVVYMCVVPSEKDKHLDNNVQRCTRKLNRLMCDIVCTIPADYILPLVLSSLTCNVSFVGELKAAEAKVITIKVTEDGVNVHDVTVTTDKSFEQQVGVIADKDKDLSGAVPSDLNTSELLTKAIDVDWVEFYGFKDAVTFATVDHSAFAYESAVVNGIRVLKTSDNNCWVNAVCIALQYSKPHFISQGLDAAWNKFVLGDVEIFVAFVYYVARLMKGDKGDAEDTLTKLSKYLANEAQVQLEHYSSCVECDAKFKNSVASINSAIVCASVKRDGVQVGYCVHGIKYYSRVRSVRGRAIIVSVEQLEPCAQSRLLSGVAYTAFSGPVDKGHYTVYDTAKKSMYDGDRFVKHDLSLLSVTSVVMVGGYVAPVNTVKPKPVINQLDEKAQKFFDFGDFLIHNFVIFFTWLLSMFTLCKTAVTTGDVKIMAKAPQRTGVVLKRSLKYNLKASAAVLKSKWWLLAKFTKLLLLIYTLYSVVLLCVRFGPFNFCSETVNGYAKSNFVKDDYCDGSLGCKMCLFGYQELSQFSHLDVVWKHITDPLFSNMQPFIVMVLLLIFGDNYLRCFLLYFVAQMISTVGVFLGYKETNWFLHFIPFDVICDELLVTVIVIKVISFVRHVLFGCENPDCIACSKSARLKRFPVNTIVNGVQRSFYVNANGGSKFCKKHRFFCVDCDSYGYGSTFITPEVSRELGNITKTNVQPTGPAYVMIDKVEFENGFYRLYSCETFWRYNFDITESKYSCKEVFKNCNVLDDFIVFNNNGTNVTQVKNASVYFSQLLCRPIKLVDSELLSTLSVDFNGVLHKAYIDVLRNSFGKDLNANMSLAECKRALGLSISDHEFTSAISNAHRCDVLLSDLSFNNFVSSYAKPEEKLSAYDLACCMRAGAKVVNANVLTKDQTPIVWHAKDFNSLSAEGRKYIVKTSKAKGLTFLLTINENQAVTQIPATSIVAKQGAGDAGHSLTWLWLLCGLVCLIQFYLCFFMPYFMYDIVSSFEGYDFKYIENGQLKNFEAPLKCVRNVFENFEDWHYAKFGFTPLNKQSCPIVVGVSEIVNTVAGIPSNVYLVGKTLIFTLQAAFGNAGVCYDIFGVTTPEKCIFTSACTRLEGLGGNNVYCYNTALMEGSLPYSSIQANAYYKYDNGNFIKLPEVIAQGFGFRTVRTIATKYCRVGECVESNAGVCFGFDKWFVNDGRVANGYVCGTGLWNLVFNILSMFSSSFSVAAMSGQILLNCALGAFAIFCCFLVTKFRRMFGDLSVGVCTVVVAVLLNNVSYIVTQNLVTMIAYAILYFFATRSLRYAWIWCAAYLIAYISFAPWWLCAWYFLAMLTGLLPSLLKLKVSTNLFEGDKFVGTFESAAAGTFVIDMRSYEKLANSISPEKLKSYAASYNRYKYYSGNANEADYRCACYAYLAKAMLDFSRDHNDILYTPPTVSYGSTLQAGLRKMAQPSGFVEKCVVRVCYGNTVLNGLWLGDIVYCPRHVIASNTTSAIDYDHEYSIMRLHNFSIISGTAFLGVVGATMHGVTLKIKVSQTNMHTPRHSFRTLKSGEGFNILACYDGCAQGVFGVNMRTNWTIRGSFINGACGSPGYNLKNGEVEFVYMHQIELGSGSHVGSSFDGVMYGGFEDQPNLQVESANQMLTVNVVAFLYAAILNGCTWWLKGEKLFVEHYNEWAQANGFTAMNGEDAFSILAAKTGVCVERLLHAIQVLNNGFGGKQILGYSSLNDEFSINEVVKQMFGVNLQSGKTTSMFKSISLFAGFFVMFWAELFVYTTTIWVNPGFLTPFMILLVALSLCLTFVVKHKVLFLQVFLLPSIIVAAIQNCAWDYHVTKVLAEKFDYNVSVMQMDIQGFVNIFICLFVALLHTWRFAKERCTHWCTYLFSLIAVLYTALYSYDYVSLLVMLLCAISNEWYIGAIIFRICRFGVAFLPVEYVSYFDGVKTVLLFYMLLGFVSCMYYGLLYWINRFCKCTLGVYDFCVSPAEFKYMVANGLNAPNGPFDALFLSFKLMGIGGPRTIKVSTVQSKLTDLKCTNVVLMGILSNMNIASNSKEWAYCVEMHNKINLCDDPETAQELLLALLAFFLSKHSDFGLGDLVDSYFENDSILQSVASSFVGMPSFVAYETARQEYENAVANGSSPQIIKQLKKAMNVAKAEFDRESSVQKKINRMAEQAAAAMYKEARAVNRKSKVVSAMHSLLFGMLRRLDMSSVDTILNMARNGVVPLSVIPATSAARLVVVVPDHDSFVKMMVDGFVHYAGVVWTLQEVKDNDGKNVHLKDVTKENQEILVWPLILTCERVVKLQNNEIMPGKMKVKATKGEGDGGITSEGNALYNNEGGRAFMYAYVTTKPGMKYVKWEHDSGVVTVELEPPCRFVIDTPTGPQIKYLYFVKNLNNLRRGAVLGYIGATVRLQAGKQTEFVSNSHLLTHCSFAVDPAAAYLDAVKQGAKPVGNCVKMLTNGSGSGQAITCTIDSNTTQDTYGGASVCIYCRAHVAHPTMDGFCQYKGKWVQVPIGTNDPIRFCLENTVCKVCGCWLNHGCTCDRTAIQSFDNSYLNRVRGSSAARLEPCNGTDIDYCVRAFDVYNKDASFIGKNLKSNCVRFKNVDKDDAFYIVKRCIKSVMDHEQSMYNLLKGCNAVAKHDFFTWHEGRTIYGNVSRQDLTKYTMMDLCFALRNFDEKDCEVFKEILVLTGCCSTDYFEMKNWFDPIENEDIHRVYAALGKVVANAMLKCVAFCDEMVLKGVVGVLTLDNQDLNGNFYDFGDFVLCPPGMGIPYCTSYYSYMMPVMGMTNCLASECFMKSDIFGQDFKTFDLLKYDFTEHKEVLFNKYFKYWGQDYHPDCVDCHDEMCILHCSNFNTLFATTIPNTAFGPLCRKVFIDGVPVVATAGYHFKQLGLVWNKDVNTHSTRLTITELLQFVTDPTLIVASSPALVDKRTVCFSVAALSTGLTSQTVKPGHFNKEFYDFLRSQGFFDEGSELTLKHFFFTQKGDAAIKDFDYYRYNRPTMLDIGQARVAYQVAARYFDCYEGGCITSREVVVTNLNKSAGWPLNKFGKAGLYYESISYEEQDAIFSLTKRNILPTMTQLNLKYAISGKERARTVGGVSLLATMTTRQFHQKCLKSIVATRNATVVIGTTKFYGGWDNMLKNLMADVDDPKLMGWDYPKCDRAMPSMIRMLSAMILGSKHVTCCTASDKFYRLSNELAQVLTEVVYSNGGFYFKPGGTTSGDATTAYANSVFNIFQAVSSNINCVLSVNSSNCNNFNVKKLQRQLYDNCYRNSNVDESFVDDFYGYLQKHFSMMILSDDSVVCYNKTYAGLGYIADISAFKATLYYQNGVFMSTAKCWTEEDLSIGPHEFCSQHTMQIVDENGKYYLPYPDPSRIISAGVFVDDITKTDAVILLERYVSLAIDAYPLSKHPKPEYRKVFYALLDWVKHLNKTLNEGVLESFSVTLLDEHESKFWDESFYASMYEKSTVLQAAGLCVVCGSQTVLRCGDCLRRPMLCTKCAYDHVFGTDHKFILAITPYVCNTSGCNVNDVTKLYLGGLNYYCVDHKPHLSFPLCSAGNVFGLYKSSALGSMDIDVFNKLSTSDWSDIRDYKLANDAKESLRLFAAETVKAKEESVKSSYAYATLKEIVGPKELLLLWESGKAKPPLNRNSVFTCFQITKDSKFQVGEFVFEKVDYGSDTVTYKSTATTKLVPGMLFILTSHNVAPLRAPTMANQEKYSTIYKLHPSFNVSDAYANLVPYYQLIGKQRITTIQGPPGSGKSHCSIGIGVYYPGARIVFTACSHAAVDSLCAKAVTAYSVDKCTRIIPARARVECYSGFKPNNNSAQYVFSTVNALPEVNADIVVVDEVSMCTNYDLSVINQRISYKHIVYVGDPQQLPAPRVLISKGVMEPIDYNVVTQRMCAIGPDVFLHKCYRCPAEIVNTVSELVYENKFVPVKEASKQCFKIFERGSVQVDNGSSINRRQLDVVKRFIHKNSTWSKAVFISPYNSQNYVAARLLGLQTQTVDSAQGSEYDYVIFAQTSDTAHACNANRFNVAITRAKKGIFCIMSDRTLFDALKFFEITMTDLQSESSCGLFKDCARNPIDLPPSHATTYLSLSDRFKTSGDLAVQIGNNNVCTYEHVISYMGFRFDVSMPGSHSLFCTRDFAMRHVRGWLGMDVEGAHVTGDNVGTNVPLQVGFSNGVDFVAQPEGCVLTNTGSVVKPVRARAPPGEQFTHIVPLLRKGQPWSVLRKRIVQMIADFLAGSSDVLVFVLWAGGLELTTMRYFVKIGAVKHCQCGTVATCYNSVSNDYCCFKHALGCDYVYNPYVIDIQQWGYVGSLSTNHHAICNVHRNEHVASGDAIMTRCLAVYDCFVKNVDWSITYPMIANENAINKGGRTVQSHIMRAAIKLYNPKAIHDIGNPKGIRCAVTDAKWYCYDKNPINSNVKTLEYDYMTHGQMDGLCLFWNCNVDMYPEFSIVCRFDTRTRSTLNLEGVNGGSLYVNNHAFHTPAYDKRAMAKLKPAPFFYYDDGSCEVVHDQVNYVPLRATNCITKCNIGGAVCSKHANLYRAYVESYNIFTQAGFNIWVPTTFDCYNLWQTFTEVNLQGLENIAFNVVNKGSFVGADGELPVAISGDKVFVRDGNTDNLVFVNKTSLPTNIAFELFAKRKVGLTPPLSILKNLGVVATYKFVLWDYEAERPLTSFTKSVCGYTDFAEDVCTCYDNSIQGSYERFTLSTNAVLFSATAVKTGGKSLPAIKLNFGMLNGNAIATVKSEDGNIKNINWFVYVRKDGKPVDHYDGFYTQGRNLQDFLPRSTMEEDFLNMDIGVFIQKYGLEDFNFEHVVYGDVSKTTLGGLHLLISQVRLSKMGILKAEEFVAASDITLKCCTVTYLNDPSSKTVCTYMDLLLDDFVSVLKSLDLTVVSKVHEVIIDNKPWRWMLWCKDNAVATFYPQLQSAEWKCGYSMPGIYKTQRMCLEPCNLYNYGAGLKLPSGIMFNVVKYTQLCQYFNSTTLCVPHNMRVLHLGAGSDYGVAPGTAVLKRWLPHDAIVVDNDVVDYVSDADFSVTGDCATVYLEDKFDLLISDMYDGRTKAIDGENVSKEGFFTYINGFICEKLAIGGSIAIKVTEYSWNKKLYELVQRFSFWTMFCTSVNTSSSEAFVVGINYLGDFAQGPFIDGNIIHANYVFWRNSTVMSLSYNSVLDLSKFNCKHKATVVVQLKDSDINEMVLSLVRSGKLLVRGNGKCLSFSNHLVSTK,LLLALL,LLLALL,5,10
sp|P13727|PRG2_HUMAN,sp|P14075|ENV_HTL1C,MGKFLATLILFFQFCPLILGDYSPSCCTLTVGVSSYHSKPCNPAQPVCSWTLDLLALSADQALQPPCPNLVSYSSYHATYSLYLFPHWIKKPNRNGGGYYSASYSDPCSLKCPYLGCQSWTCPYTGAVSSPYWKFQQDVNFTQEVSHLNINLHFSKCGFSFSLLVDAPGYDPIWFLNTEPSQLPPTAPPLLSHSNLDHILEPSIPWKSKLLTLVQLTLQSTNYTCIVCIDRASLSTWHVLYSPNVSVPSPSSTPLLYPSLALPAPHLTLPFNWTHCFDPQIQAIVSSPCHNSLILPPFSLSPVPTLGSRSRRAVPVAVWLVSALAMGAGVAGRITGSMSLASGKSLLHEVDKDISQLTQAIVKNHKNLLKIAQYAAQNRRGLDLLFWEQGGLCKALQEQCCFLNITNSHVSILQERPPLENRVLTGWGLNWDLGLSQWAREALQTGITLVALLLLVILAGPCILRQLRHLPSRVRYPHYSLINPESSL,GRITGS,GRITGS,161,166
sp|C9JRZ8|AK1BF_HUMAN,sp|P17474|RP132_CWPXB,MKKNTDSEMDQRLGYKFLVPDPKAGVFYRPLHFQYVSYSNFILHRLHEILTVKRPLLSFKNNTERIMIEISNVKVTPPDYSPIIASIKGKSYDALATFTVNIFKEVMTKEGISITKISSYEGKDSHLIKIPLLIGYGNKNPLDTAKYLVPNVIGGVFINKQSVEKVGINLVEKITTWPKFRVVKPNSFTFSFSSVSPPNVLPTRYRHYKISLDISQLEASNISSTKTFITVNIVLLSQYLSRVSLEFIRRSLSYDMPPEVVYLVNAIIDSAKRLTESITDFNIDTYINDLVEAEHIKQKSQLTINEFKYEMLHNFLPHMNYTPDQLKGFYMISLLRKFLYCIYHTSRYPDRDSMVCHRILTYGKYFETLAHDELENYIGNIRNDIMNNHKNRGTYAVNIHVLTTPGLNHAFSSLLSGKFKKSDGSYRTHPHYSWMQNISIPRSVGFYPDQVKISKMFSVRKYHPSQYLYFCSSDVPERGPQVGLVSQLSVLSSITNILTSEYLDLEKKICEYIRSYYKDDISYFETGFPITIENALVASLNPNMICDFVTDFRRRKRMGFFGNLEVGITLVRDHMNEIRINIGAGRLVRPFLVVDNGELMMDVCPELESRLDDMTFSDIQKEFPHVIEMVDIEQFTFSNVCESVQKFRMMSKDERKQYDLCDFPAEFRDGYVASSLVGINHNSGPRAILGCAQAKQAISCLSSDIRNKIDNGIHLMYPERPIVISKALETSKIAANCFGQHVTIALMSYKGINQEDGIIIKKQFIQRGGLDIVTAKKHQVEIPLENFNNKERDRSNAYSKLESNGLVRLNAFLESGDAMARNISSRTLEDDFARDNQISFDVSEKYTDMYKSRVERVQVELTDKVKVRVLTMKERRPILGDKFTTRTSQKGTVAYIADETELPYDENGITPDVIINSTSIFSRKTISMLIEVILTAAYSAKPYNNKGENRPVCFPSSNETSIDTYMQFAKQCYEHSNPKLSDEELSDKIFCEKILYDPETDKPYASKVFFGPIYYLRLRHLTQDKATVRCRGKKTKLIRQANEGRKRGGGIKFGEMERDCLIAHGAANTITEVLKDSEEDYQDVYVCENCGDIAAQIKGINTCLRCSKLNLSPLLTKIDTTHVSKVFLTQMNARGVKVKLDFERRPPSFYKPLDKVDLKPSFLA,KLSDEE,KLSDEE,280,285
sp|P13727|PRG2_HUMAN,tr|Q5Y0S5|Q5Y0S5_9ALPH,MRPRGTPPSFLPLPVLLALAVIAAAGRAAPAAAAAPTADPAATPALPEDEEVPDEDGEGVATPAPAANASVEAGRATLREDLREIKARDGDATFYVCPPPTGATVVQFEQPRPCPRAPDGQNYTEGIAVVFKENIAPYKFKATMYYKDVTVSQVWFGHRYSQFMGIFEDRAPVPFEEVMDKINAKGVCRSTAKYVRNNMESTAFHRDDHESDMALKPAKAATRTSRGWHTTDLKYNPARVEAFHRYGTTVNCIVEEVEARSVYPYDEFVLATGDFVYMSPFYGYRDGSHGEHTAYAADRFRQVDGYYERDLSTGRRAAAPVTRNLLTTPKFTVGWDWAPKRPSVCTLTKWREVDEMLRAEYGPSFRFSSAALSTTFTANRTEYALSRVDLADCVGREAREAVDRIFLRRYNGTHVKVGQVQYYLATGGFLIAYQPLLSNALVELYVRELVREQTRRPAGGDPGEAATPGPSVDPPSVERIKTTSSVEFARLQFTYDHIQRHVNDMLGRIAIAWCELQNRELTLWNEARRLNPGAIASATVGRRVSARMLGDVMAVSTCVPVAPDNVIMQNSMRVAARPGTCYSRPLVSFRYEADGPLVEGQLGEDNEIRLERDALEPCTVGHRRYFTFGAGYVYFEEYAYSHQLGRADVTTVSTFINLNLTMLEDHEFVPLEVYTRQEIKDSGLLDYTEVQHRNQLHALRFADIDTVIKADAHAALFAGLYSFFEGLGDVGRAVGKVVMGIVGGVVSAVSGVSSFLSNPFGALAVGLLVLAGLAAAFFAFRYVMRLQRNPMKALYPLTTKELKSDGAPLAGGGEDGAEDFDEAKLAQAREMIRYMALVSAMERTEHKARKKGTSALLSAKVTDAVMRKRARPRYSPLRDTDEEEL,LPEDEE,LPEDEE,35,40
sp|P13727|PRG2_HUMAN,tr|Q5Y0U3|Q5Y0U3_9ALPH,MGRQSSRASAAPAGGEPVSRAAWWAWCVQVGAFVVSVLCLLGLLIAAHFFRAAFPCFYASPASYGPANDTAEVRGGVAAPPHLDAPSLVGVYAVTATLLLAAAAYAVVGATTARYRRRQDAAELDAATRMVVTHATLVGGNACLWLLQVTVLLLAHRVSALAHTVYVLHFACLTYFAAHFCTRGVLSGTYLRQVHGLADAAPAHHRVVGPVRAVMTNALLFGALLCTATAAVSVATIAALNFPLSAPGVLVCLTATFAALVVLLLALVEGLLSHYVRVLLGPHVGAIAAAGVVGVAAERYYAQGYYVAEAQWPGAQTGVRVALALVALFALVMAAVRCVRAYLYHREHRTRFFRHVRDARHRARSAIRRARGSMRAARGGDPGGAPVEPVYAEIRYAGESDVGRDDDSEYTEGEPIYDEVASDAEEVTYARIQHHPRRVEEPIYETVGEW,ALLFGA,ALLFGA,8,13
sp|C9JRZ8|AK1BF_HUMAN,tr|Q5Y0U8|Q5Y0U8_9ALPH,MTTVGESAGDASASPPPEQPPVPSARFRDEAFLNFTSMHGIQPIIERVRELAGHRLEPARVPRPQWFRDVAALETPADLPLREFPFAVYLITGNAGSGKSTCVQTLNEVLDCVVTGATRIAAQNMYVKLSGAFLSRPINTIFHEFGFRGNHVQAQLGQHPYALASNPASVEDLQRRDLTYYWEVIADITRRAVAAGGGTEDGRGEFRALAALERTMGLAEGSLTRLAAFTHGALPAFTRSNIVVIDEAGLLGRHLLTAVVYCWWMTNALYHTPQYAAGLRPVLVCVGSPTQTASLESTFEHQKLRCSIRQSENVLTYLICNRTLREYVRLPRSWAIFINNKRCVEHEFGNLMKALEYGLPLTEEHMQFVDRFVVPESFITNPANLPGWTRLFSSHKEVSAYMARLHAHLKVAREGEFVVFTLPVLTFVSTKAFEEYRELTHQPALTVEKWIAANAGRITNYSQSQDQDAGRVRFEVHSKQQLVVARNDVTYVLNSQIAVTTRLRKLVFGFGGTFRSFEAVLRDDSFVKTQGEMLVEFAYRFLSRLIFGGLIHFYNFLLRPGLDAAKRARAYERMGALTTELLALGAEGAEGAEGAAPPAAGERAFDFKTLGARAAGDAEFPEDDLDVVFAGLSEQELDLFYCHYVPEQPDTTAAVHAQFGLLKRAFLGRYHILRELFGEAFEGAPFSTYVDNVTFRGCEVMIGSMRGGLMSVALQTDSYTLTGFTYARVYAFAEEVRRRHAAAGLAELLEESPLPYVVLRDQHGFMSVVNTNVSEFVESVEARELAMATNADYGISSMLAMTITRSQGLSLDKVAICFTPGNLRLNSAYVAMSRTTSSEFLRMNLNPLRERHERDDVISGHILSALRDPEVLIVY,RAFDFK,RAFDFK,297,302
sp|P13727|PRG2_HUMAN,tr|Q6UY74|Q6UY74_JUNIN,MEESVNEIKSLIRKHFPERQELAYQRDIFLSQHHPSSLLLEGFKLLSSLVELESCEAHACQINSDQKFVDVILSDHGILCPTLPKVIPDGFKLTGKTLILLETFVRVNPDEFERKWKSDMSKLLNLKSDLLRAGITLVPVVDGRSSYSNRFLADWVVERVRWLLIDILKKSKFMQEINIEEQEYQRLIHSLSNTKNQSLGLENIECLKKNSLGYDERLNESLFVGVRGDIRESVIREELIKLRFWFKKEIFDKQLGKFKFSQKSKLINDLILLGSHKDSDVPSCPFCANKLMDVVYSIALHPIDEVNMESQSDENSISIDAVERCYLQALSVCNKVKGLKVFNTRRNTLLFLDLVLLNLLCDLFKTHDDAIVRLRNAGIVVGQMLMLVNDRLLDILEAIKLIRKKLMTSPKWVQVCSRTLKNSHQDLWSQLEKLIKHPDMDSLMILAQALVSDRPVMRYTIDKEFEKICRHQPFSSLVEGEQKKLFRILSSISLALVNSMKTSFSSRLLINEREYSRYFGNVRLRECYVQRFHLTKNTFGLLFYQKTGEKSRCYSIYLSINGVLEEQGSFYCDPKRFFLPIFSEDVLIEMCEEMTSWLDFSHELMTMTRPILRLLVLAVLCSPSKRNQTFLQGLRYFLMAYANQIHHVDLMSKLRVDCMSGSEVLIQRMAVELFQTILGEGEDADLYFARRFKYLLNVSYLCHLVTKETPDRLTDQIKCFEKFIEPKVKFDCVVVNPPLSGSLTLEQEDTMIRGLDRFFSKEAKTSSDTQIPGVCKEILSFCISLFNRGRLKVTGELKSNPYRPNITSTALDLSSNKSVVIPKLDELGNILSVYDKEKLVSTCVSTMAERFKTKGRYNLDPDSMDYLILKNLTGLVSTGSRTRTNQEELSVMYESLTEDQVRAFEGIRNDVQMTLAKMANSEGTKVEITKLKSKNLSVDERESLESLWAPFGVLREIKAEVSMHEVKDFDPDVLRSDVYKELCDAVYLSPFKLTYFLEAPQDICPLGLLLKNLTTIAYQEDEFFECFKYLLIQGHYDQKLGSYEHRSRSRLGFSSEVLRLKDEVRLSTRESNSEAIADKLDKSYFTNAALRNLCFYSDDSPTEFTSISSNTGNLKFGLSYKEQVGSNRELYVGDLNTKLMTRLVEDFSEAVGSSMRYTCLNSEKEFERAICDMKMAVNNGDLSCSYDHSKWGPTMSPALFLSFLYTLELKNPRDRTKVNLEPVMNILKWHLHKVVEVPINVAEAYCVGKLKRSLGLMGCDCTSVGEEFFHQYLQSRDQVPSHIMSVLDMGQGILHNTSDLYGLITEQFLCYALDLLYDVIPVTYTSSDDQVSLIKIPCLSDEKFQDRTELLEMVCFHEFLSSKLNKFISPKSVIGTFVAEFKSRFFVMGEETPLLTKFVSAALHNVKCKTPTQLSETIDTICDQCIANGVSTHIVSKISIRVNQLIRYSGYRETPFGAIEEQDVKDWVDGSRGYRLQRKIEAIFSDDKETMFIRNCARKVFNDIKRGKIFEENLINLISRGGDEALSGFLQYAGCSEDEIRQTLDYRWVNLASFGDLRLVLRTKLMTSRRVLEKEEMPTLIRTIQSRLSRNFTKGVKKILAESINKSAFQSSVASGFIGFCKSMGSKCVRDGKGGFLYIKDIFTRIMPCLCGICERKPKVIYCQKSLKEVNQFSKPILWDYFSLVLTNACELGEWVFSAIKSPQAPLVLCNKNFFWAVKPKAVRQIEDQLGMNHVLHSIRRNYPKLFEEHLAPFMNDLQVNRSLDSGRLKFLDVCVALDMMNENLGIISHLLKVRDNNVYIVKQSDCASAHVRQSEYTNWEVGISPQQVCRNFMVQVVLSSMINPLVMSTSCLKSFFWFNEVLDLEDDSQVDLAELTDFTLSIRNNKVSRAMFVEDIAMGYVVSSFDNIKVFLEGVSVDNISLLPQEDMMDLHTVLRNVACQEAVKLKLIIQVEHTRVSTKFKLRRKMVYSYTIVSSLGVDDVGTPELELNVDAMSQCVSGSEGSHSLLDGALVIASLPLFTGHESFDLAGLFIDAGYAATNDDNILSHVKFNFGDFYSELSNKYAYDLIGPDNPGEPLVLKEGIFYRGNERLSTYRVELSGDVIVKAIGALEDIDSVETLLSQLWPYLKTTSQTILFQQEDFVLVYDLHKEQLIRSLDKFGDWLEFSNFKVAFSRSLNDLLISDPQGQFRLKGVTCRPLKHKVEIKDID,WVDGSR,WVDGSR,174,179
sp|P13727|PRG2_HUMAN,tr|Q6UY76|Q6UY76_MACHU,MDEYVQELKGLIRKHIPERCEFGHQKVTFLSQVHPSPLLTEGFKLLSSLVELESCEAHACQANTDQRFVDVILSDNGILCPTLPKVIPDGFKLTGKTLILLETFVRVNPDEFEKKWKADMSKLLNLKHDLQKSGVTLVPIVDGRSNYNNRFVADWVIERIRWLLIGILKASKSMLEIDIEDQEYQRLIHSLSNVKNQSLGLENLEHLKRNSLDYDERLNESLFIGLKGDIRESTVREELIKLKLWFKDEVFSKGLGKFKLTDRRELLESLSSLGAHLDSDVSSCPFCNNKLMEIVYNVTFSCVERTDGVATVDQQFSTTHSNIEKHYLSVLSLCNKIKGLKVFNTRRNTLLFLDLIMVNLMVDISDSCQDAIESLRKSGLIVGQMVMLVNDRVLDILEAVKLIRKKIGTNPNWVKNCSKILERSHPEIWHHLSTLIKQPDFNSLISIAQHLVSDRPIMRYSVERGSDKICRHKLFQEMSSFEQMRLFKTLSSISLSLINSMKTSFSSRLLVNEREFSKYFGNVRLRECYAQRFYLAESLVGFLFYQKTGERSRCYSVYLSDNGVMSEQGSFYCDPKRFFLPVFSDEVLAGMCEEMTSWLDFDTGLMNDTGPILRLLVLAILCSPSKRNQTFLQGLRYFLMAFANQIHHIDLTSKLVVECKSSSEVVVQRLAVGLFIRLLSGESDASLFFSRRFKYLLNVSYLCHLITKETPDRLTDQMKCFEKFIEPKVKFGCAVVNPSLNGKLTVDQEDIMINGLKKFFSKSLRDTEDVQTPGVCKELLNYCVSLFNRGKLKVSGELKNNPFRPNITSTALDLSSNKSVVIPKLDELGNILSTYDKEKLVSACVSSMAERFKTKGRYNLDPDSTDYLILKNLTGLVSAGPKAKSTQEELSLMYEALTEEQVESFNEIKHDVQVALAKMADNSVNTRTKNLGRADNSVKNGNNPLDNLWSPFGVMKEIRAEVSLHEVKDFDPDVLPPEVYKELCDAVYKSSEKCNFFLEGVLDVCPLGLLLKNLTTSSYVDEEYFMCFKYLLIQGHFDQKLGSYEHKSRSRLGFTDETLRLKDEVRLSIRESNSEAIADKLDKSYFTNAALRNLCFYSEDSPTEFTSISSNSGNLKFGLSYKEQVGSNRELYVGDLNTKLMTRLVEDFSEAVGNSMKYTCLNSEKEFERAICDMKMAVNNGDLSCSYDHSKWGPTMSPALFLALLQMLELRTPVDRSKIDLDSVKSILKWHLHKVVEVPINVAEAYCIGKLKRSLGLMGCGSTSLSEEFFHQTMQLNGQIPSHIMSVLDMGQGILHNTSDLYGLITEQFLCYALDLLYDVIPVSYTSSDDQITLIKTPSLDIEGGSDAAEWLEMICFHEFLSSKLNKFVSPKSVIGTFVAEFKSRFFVMGEETPLLTKFVAAALHNVKCKTPTQLSETIDTICDQCIANGVSTKIVTRISKRVNQLIRYSGYGETPFGAIEDQDVKDWVDGSRGYRLQRKIEAIFHDDKETSFIRNCARKVFNDIKRGRIFEENLINLIGRGGDEALTGFLQYAGCSEQEVNRVLNYRWVNLSSFGDLRLVLRTKLMTSRRVLEREEVPTLIKTLQSKLSRNFTKGVKKILAESINKSAFQSSVASGFIGFCKSMGSKCVRDGKGGFLYIKEVYSGVSACTCEICALKPKIIYCNNSLNKVSQFSKPILWDYFSLVLTNACELGEWVFSTVKEPQKPLVLNNQNFFWAVKPKVVRQIEDQLGMNHVLQSIRRNYPVLFDEHLTPFMNDLQVSRTMDSGRLKFLDVCIALDMMNENLGIISHLLKTRDNSVYIVKQSDCALAHIRQSSYTDWELGLSPQQICTNFKTQLVLSSMVNPLVLSTSCLKSFFWFNEVLELEDDSQIELAELTDFALMVKNQNVSRAMFVEDIAMGYVVSNFEGVRISLSNVMVDGVQLPPQEKAPDIGELFGLKAENVIVGLVVQIDHVRMSTKFKLKRKMVYSFSLECIMDVGEIQNKEVILKVVAVDQSVSGSGGNHMLLDGVSVVASLPLFTGQASFDLAAMLIESNLAGSNDNFLMRNVTLDLGGFSPELSDKYSYRLSGPENQEDPLVLKDGAFYVGGERLSTYKVEFTGDLVVKALGALEDDESVVSMLHQLWPYLKATSQVILFQQEDFTIVHDLYKKQLTKSIESFGEWIEFTNFKVAYSKSLKELVISDTQGSFRLKGVMCRPLASTPQVEDIE,WVDGSR,WVDGSR,174,179
sp|C9JRZ8|AK1BF_HUMAN,sp|Q83883|POLG_NVN68,MMMASKDVVPTAASSENANNNSSIKSRLLARLKGSGGATSPPNSIKITNQDMALGLIGQVPAPKATSVDVPKQQRDRPPRTVAEVQQNLRWTERPQDQNVKTWDELDHTTKQQILDEHAEWFDAGGLGPSTLPTSHERYTHENDEGHQVKWSAREGVDLGISGLTTVSGPEWNMCPLPPVDQRSTTPATEPTIGDMIEFYEGHIYHYAIYIGQGKTVGVHSPQAAFSITRITIQPISAWWRVCYVPQPKQRLTYDQLKELENEPWPYAAVTNNCFEFCCQVMCLEDTWLQRKLISSGRFYHPTQDWSRDTPEFQQDSKLEMVRDAVLAAINGLVSRPFKDLLGKLKPLNVLNLLSNCDWTFMGVVEMVVLLLELFGIFWNPPDVSNFIASLLPDFHLQGPEDLARDLVPIVLGGIGLAIGFTRDKVSKMMKNAVDGLRAATQLGQYGLEIFSLLKKYFFGGDQTEKTLKDIESAVIDMEVLSSTSVTQLVRDKQSARAYMAILDNEEEKARKLSVRNADPHVVSSTNALISRISMARAALAKAQAEMTSRMRPVVIMMCGPPGIGKTKAAEHLAKRLANEIRPGGKVGLVPREAVDHWDGYHGEEVMLWDDYGMTKIQEDCNKLQAIADSAPLTLNCDRIENKGMQFVSDAIVITTNAPGPAPVDFVNLGPVCRRVDFLVYCTAPEVEHTRKVSPGDTTALKDCFKPDFSHLKMELAPQGGFDNQGNTPFGKGVMKPTTINRLLIQAVALTMERQDEFQLQGPTYDFDTDRVAAFTRMARANGLGLISMASLGKKLRSVTTIEGLKNALSGYKISKCSIQWQSRVYIIESDGASVQIKEDKQALTPLQQTINTASLAITRLKAARAVAYASCFQSAITTILQMAGSALVINRAVKRMFGTRTAAMALEGPGKEHNCRVHKAKEAGKGPIGHDDMVERFGLCETEEEESEDQIQMVPSDAVPEGKNKGKTKKGRGRKNNYNAFSRRGLSDEEYEEYKKIREEKNGNYSIQEYLEDRQRYEEELAEVQAGGDGGIGETEMEIRHRVFYKSKSKKHQQEQRRQLGLVTGSDIRKRKPIDWTPPKNEWADDDREVDYNEKINFEAPPTLWSRVTKFGSGWGFWVSPTVFITTTHVVPTGVKEFFGEPLSSIAIHQAGEFTQFRFSKKMRPDLTGMVLEEGCPEGTVCSVLIKRDSGELLPLAVRMGAIASMRIQGRLVHGQSGMLLTGANAKGMDLGTIPGDCGAPYVHKRGNDWVVCGVHAAATKSGNTVVCAVQAGEGETALEGGDKGHYAGHEIVRYGSGPALSTKTKFWRSSPEPLPPGVYEPAYLGGKDPRVQNGPSLQQVLRDQLKPFADPRGRMPEPGLLEAAVETVTSMLEQTMDTPSPWSYADACQSLDKTTSSGYPHHKRKNDDWNGTTFVGELGEQAAHANNMYENAKHMKPIYTAALKDELVKPEKIYQKVKKRLLWGADLGTVVRAARAFGPFCDAIKSHVIKLPIKVGMNTIEDGPLIYAEHAKYKNHFDADYTAWDSTQNRQIMTESFSIMSRLTASPELAEVVAQDLLAPSEMDVGDYVIRVKEGLPSGFPCTSQVNSINHWIITLCALSEATGLSPDVVQSMSYFSFYGDDEIVSTDIDFDPARLTQILKEYGLKPTRPDKTEGPIQVRKNVDGLVFLRRTISRDAAGFQGRLDRASIERQIFWTRGPNHSDPSETLVPHTQRKIQLISLLGEASLHGEKFYRKISSKVIHEIKTGGLEMYVPGWQAMFRWMRFHDLGLWTGDRDLLPEFVNDDGV,EKTLKD,EKTLKD,94,99
sp|P13727|PRG2_HUMAN,sp|Q88435|NCAP_PIV5,MSSVLKAYERFTLTQELQDQSEEGTIPPTTLKPVIRVFILTSNNPELRSRLLLFCLRIVLSNGARDSHRFGALLTMFSLPSATMLNHVKLADQSPEADIERVEIDGFEEGSFRLIPNARSGMSRGEINAYAALAEDLPDTLNHATPFVDSEVEGTAWDEIETFLDMCYSVLMQAWIVTCKCMTAPDQPAASIEKRLQKYRQQGRINPRYLLQPEARRIIQNVIRKGMVVRHFLTFELQLARAQSLVSNRYYAMVGDVGKYIENCGMGGFFLTLKYALGTRWPTLALAAFSGELTKLKSLMALYQTLGEQARYLALLESPHLMDFAAANYPLLYSYAMGIGYVLDVNMRNYAFSRSYMNKTYFQLGMETARKQQGAVDMRMAEDLGLTQAERTEMANTLAKLTTANRGADTRGGVNPFSSVTGTTQVPAAATGDTLESYMAADRLRQRYADAGTHDDEMPPLEEEEEDDTSAGPRTGPTLEQVALDIQNAAVGAPIHTDDLNAALGDLDI,LEEEEE,LEEEEE,54,59
sp|C9JRZ8|AK1BF_HUMAN,tr|Q8B5N2|Q8B5N2_9VIRU,MSQLLLNQYRNRILHCREPEIAKDIWRDLLNDRHNYFSREFCRAANLEYRNDVPAEDICAEVLDGYKARKVRFCTPDNYLLHDGKMYIIDFKVSVDDRSSRITREKYNEIFGEVFNPEGVDFEIVIIRLDPSNMTIHVDSRDFVNTIGPITLNISMQWFFDMKDFLFGKFRDDDKFHAIISQGEFTMTLPWIEEDTPELLTHPIYNEFMSSMPEAEQALFKEALEFKSFGAEKWNIFLKGVMSKYGEYYKEFTKGHAHSIFLTTGDYPKPDKDQISAGWREMVNRVSSERDMSNDINQEKPSMHFIWAKNDSNSNNNIQKLIKLSKSLQAMSGTGSYVNAFKSLGRLMDISSDVKKYESFCGKLKSLARSSIKKLDRKIEPIQIGTATVLWEQQFKLDTDVIKREDRIHLMKDYLGIGKHKSFSKKLNNDINTDKPKILNFNNDDIVRKCKDKYNQVIHNLSQINELDKIGNYLEHFSAKISACSVEMWDFIYNTTKTKYWQCINDYSTLMKNMLAVSQYNRHNTFRIVSCANNNVFGLVMPSSDIKTKKATLVYAIMALHNEEAEIAELGSLYSTFKTATGYISISKAFRLDKERCQRIVSSPGLFLMTSCLLFNGNKSLEFDKLLGFSFFTSISITKAMLSLTEPSRYMIMNSLAVSSHVREYISEKFSPYTKTSFSVVMTDLIKKGCYSAYEQRKKVQIRDIKLTDYDITQKGVDSKRDLKSIWFPGKVNLKEYLNQIYLPFYFNSKGLHEKHHVLIDLAKTVLEIEKEQRESLPEPWSEIPAKRLSLNVLIYSLQELNLDTSRHNFVRSRVENANNFNRSITTISTFTSSKSCIKIGDFEEEKREKLRMIQKKLAKDISKLTIANPAFLDEITNEHEIRHSTYEDLKQSIPDYTDYMSVKVFDRLYEKITTNEINDKETVKLILETMKKHKIFHFGFFNKGQKTAKDREIFLGEFEAKMCLYLVERIAKERCKLNPEEMISEPGDSKLRVLEKQSEDEIRYISNTIKTLGNAIENLQSGSLNWADICENKARGLKIEINADMSKWSAQDVLFKYFWLIVLDPILYPAERKRIIYFLCNYMQKRLIMPDELLTTILDQRVPYSNDIIGLMTNNYRSNTVEIKRNWLQGNLNYTSSYLHSCSMSVYKDIIREAAILLEGEALVNSMVHSDDNQTSICMVQNKLPDDNIIEFCIKIFEKICLTFGNQANMKKTYLTNFIKEFVSLFNIHGEPFSIYGRFLLTAVGDCAYLGPYEDLASRLSATQTAIKHGCPPSLAWVSIALNHWITHTTYNMLPGQNNDPLPFFPTNNRSEIPVEMCGILESDLSTIALTGLEAGNVTFLTNIARKLSSPILQRESIQDQYNSIEKWDLSKLSQIDILRLKMLRYISLDSSVTSDDGMGETSEMRSRSLLTPRKFTTSGSLNRLKSYKDFQDIIADEDKTNELFENFIRHPELLVTKGETFEEFVNTILFRYNSKKFKESLSIQNPAQLFIEQILFSNKPVIDYTSIHDKIFGLQDMPGIEELDTIIGRKTFVESYVQIVDDLSNLTLDINDVKTIFAFCLMNDPLLITSANNIIMSVKGHSQERIGQSACKMPEVRSLKLIHYSPAVVLRAYVRGPTNVPNVDIDELARDLSHLEDFIQSTKLRENMRERIEINEKRHLGRDFKFEIKELTRFYQVCYDYIKSTEHKVKVFILPYKVFTSIEFCGALTGNLINDKLWYITHYLKNIVSTTHKAQISSSPELELQIADEALRLVAHFADTFLASESRIQFLKKIIEEFTYKGIPVKHLYSKIKNSKLRVKFLGILLWLDDLTQNDLDKFDADKSDEKIIWNNWQVSRDMNTGPIDLMISGYSRQLRITGEDDKLIAAELQVTRLSEDLIYRHGQAMLNKPHGLKLEKMQPVTEMSKRLHYIVFQQRSRKRYFYSILPTQVIEDHNSRVESSRLSRDSKWVPVCPVAISKLYQQGRPILSKVRNLNMQTHSLSRIQVNVDEYAITRRAHFQKMPFFEGPSIPSGGMDLSELMKSTSLLSLNYDNIKNASLLDMSRVFKCNGSGDDQMAFEFLSDEILEQDVVEEIECNPIFSISYTKRGESNMTYKNAFHKALISECDKFEEAFDFLDMGFCSNENLSILEEIHWIISYLKTNQWSTELDNCIHMCMYRNGYDAEYHKFDIPSKFLKDPINRTINWTEVIEFILLIEDFQTKIEPWSSMKSHFCSKAHSVALECMKNEKRSLAEFVDKSKKTGKSKFDF,SHLEDF,SHLEDF,305,310
sp|C9JRZ8|AK1BF_HUMAN,sp|Q8JUX5|POLS_CHIKS,MEFIPTQTFYNRRYQPRPWTPRPTIQVIRPRPRPQRQAGQLAQLISAVNKLTMRAVPQQKPRRNRKNKKQKQKQQAPQNNTNQKKQPPKKKPAQKKKKPGRRERMCMKIENDCIFEVKHEGKVTGYACLVGDKVMKPAHVKGTIDNADLAKLAFKRSSKYDLECAQIPVHMKSDASKFTHEKPEGYYNWHHGAVQYSGGRFTIPTGAGKPGDSGRPIFDNKGRVVAIVLGGANEGARTALSVVTWNKDIVTKITPEGAEEWSLAIPVMCLLANTTFPCSQPPCIPCCYEKEPEETLRMLEDNVMRPGYYQLLQASLTCSPHRQRRSTKDNFNVYKATRPYLAHCPDCGEGHSCHSPVALERIRNEATDGTLKIQVSLQIGIGTDDSHDWTKLRYMDNHIPADAGRAGLFVRTSAPCTITGTMGHFILARCPKGETLTVGFTDSRKISHSCTHPFHHDPPVIGREKFHSRPQHGKELPCSTYVQSNAATAEEIEVHMPPDTPDRTLLSQQSGNVKITVNGRTVRYKCNCGGSNEGLITTDKVINNCKVDQCHAAVTNHKKWQYNSPLVPRNAELGDRKGKIHIPFPLANVTCMVPKARNPTVTYGKNQVIMLLYPDHPTLLSYRSMGEEPNYQEEWVTHKKEVVLTVPTEGLEVTWGNNEPYKYWPQLSANGTAHGHPHEIILYYYELYPTMTVVVVSVASFILLSMVGMAVGMCMCARRRCITPYELTPGATVPFLLSLICCIRTAKAATYQEAAVYLWNEQQPLFWLQALIPLAALIVLCNCLRLLPCCCKTLAFLAVMSIGAHTVSAYEHVTVIPNTVGVPYKTLVNRPGYSPMVLEMELLSVTLEPTLSLDYITCEYKTVIPSPYVKCCGTAECKDKNLPDYSCKVFTGVYPFMWGGAYCFCDAENTQLSEAHVEKSESCKTEFASAYRAHTASASAKLRVLYQGNNITVTAYANGDHAVTVKDAKFIVGPMSSAWTPFDNKIVVYKGDVYNMDYPPFGAGRPGQFGDIQSRTPESKDVYANTQLVLQRPAAGTVHVPYSQAPSGFKYWLKERGASLQHTAPFGCQIATNPVRAMNCAVGNMPISIDIPDAAFTRVVDAPSLTDMSCEVPACTHSSDFGGVAIIKYAVSKKGKCAVHSMTNAVTIREAEIEVEGNSQLQISFSTALASAEFRVQVCSTQVHCAAECHPPKDHIVNYPASHTTLGVQDISATAMSWVQKITGGVGLVVAVAALILIVVLCVSFSRH,ITVTAY,ITVTAY,205,210
